,Element,Wavelength,n,k
0,Ag,0.1879,1.07,1.212
1,Ag,0.1916,1.1,1.232
2,Ag,0.1953,1.12,1.255
3,Ag,0.1993,1.14,1.277
4,Ag,0.2033,1.15,1.296
5,Ag,0.2073,1.18,1.312
6,Ag,0.2119,1.2,1.325
7,Ag,0.2164,1.22,1.336
8,Ag,0.2214,1.25,1.342
9,Ag,0.2262,1.26,1.344
10,Ag,0.2313,1.28,1.357
11,Ag,0.2371,1.28,1.367
12,Ag,0.2426,1.3,1.378
13,Ag,0.249,1.31,1.389
14,Ag,0.2551,1.33,1.393
15,Ag,0.2616,1.35,1.387
16,Ag,0.2689,1.38,1.372
17,Ag,0.2761,1.41,1.331
18,Ag,0.2844,1.41,1.264
19,Ag,0.2924,1.39,1.161
20,Ag,0.3009,1.34,0.964
21,Ag,0.3107,1.13,0.616
22,Ag,0.3204,0.81,0.392
23,Ag,0.3315,0.17,0.829
24,Ag,0.3425,0.14,1.142
25,Ag,0.3542,0.1,1.419
26,Ag,0.3679,0.07,1.657
27,Ag,0.3815,0.05,1.864
28,Ag,0.3974,0.05,2.07
29,Ag,0.4133,0.05,2.275
30,Ag,0.4305,0.04,2.462
31,Ag,0.4509,0.04,2.657
32,Ag,0.4714,0.05,2.869
33,Ag,0.4959,0.05,3.093
34,Ag,0.5209,0.05,3.324
35,Ag,0.5486,0.06,3.586
36,Ag,0.5821,0.05,3.858
37,Ag,0.6168,0.06,4.152
38,Ag,0.6595,0.05,4.483
39,Ag,0.7045,0.04,4.838
40,Ag,0.756,0.03,5.242
41,Ag,0.8211,0.04,5.727
42,Ag,0.892,0.04,6.312
43,Ag,0.984,0.04,6.992
44,Ag,1.088,0.04,7.795
45,Ag,1.216,0.09,8.828
46,Ag,1.393,0.13,10.1
47,Ag,1.61,0.15,11.85
48,Ag,1.937,0.24,14.08
49,Ag2,0.27,1.364,1.318
50,Ag2,0.28,1.477,1.24
51,Ag2,0.29,1.531,1.168
52,Ag2,0.3,1.609,0.9126
53,Ag2,0.31,1.373,0.5192
54,Ag2,0.32,0.8191,0.3334
55,Ag2,0.33,0.2207,0.6779
56,Ag2,0.34,0.1109,1.084
57,Ag2,0.35,0.08443,1.341
58,Ag2,0.36,0.07339,1.536
59,Ag2,0.3699,0.06727,1.699
60,Ag2,0.3799,0.06325,1.841
61,Ag2,0.3899,0.06035,1.971
62,Ag2,0.3999,0.05817,2.09
63,Ag2,0.4099,0.05647,2.203
64,Ag2,0.4199,0.05515,2.31
65,Ag2,0.4299,0.05411,2.413
66,Ag2,0.4399,0.05332,2.513
67,Ag2,0.4499,0.05271,2.609
68,Ag2,0.4599,0.05227,2.703
69,Ag2,0.4699,0.05198,2.795
70,Ag2,0.4799,0.05181,2.886
71,Ag2,0.4899,0.05175,2.974
72,Ag2,0.4999,0.0518,3.062
73,Ag2,0.5099,0.05193,3.148
74,Ag2,0.5199,0.05215,3.233
75,Ag2,0.5299,0.05245,3.318
76,Ag2,0.5399,0.05282,3.401
77,Ag2,0.5499,0.05326,3.484
78,Ag2,0.5599,0.05376,3.566
79,Ag2,0.5699,0.05431,3.648
80,Ag2,0.5799,0.05493,3.728
81,Ag2,0.5899,0.0556,3.809
82,Ag2,0.5999,0.05632,3.889
83,Ag2,0.6099,0.05709,3.968
84,Ag2,0.6199,0.0579,4.048
85,Ag2,0.6299,0.05876,4.126
86,Ag2,0.6399,0.05966,4.205
87,Ag2,0.6499,0.06061,4.283
88,Ag2,0.6599,0.06159,4.361
89,Ag2,0.6699,0.06262,4.438
90,Ag2,0.6799,0.06368,4.516
91,Ag2,0.6899,0.06478,4.593
92,Ag2,0.6999,0.06591,4.669
93,Ag2,0.7099,0.06708,4.746
94,Ag2,0.7199,0.06829,4.823
95,Ag2,0.7299,0.06953,4.899
96,Ag2,0.7399,0.0708,4.975
97,Ag2,0.7499,0.0721,5.051
98,Ag2,0.7599,0.07344,5.126
99,Ag2,0.7699,0.0748,5.202
100,Ag2,0.7799,0.0762,5.278
101,Ag2,0.7899,0.07762,5.353
102,Ag2,0.7999,0.07908,5.428
103,Ag2,0.8099,0.08057,5.503
104,Ag2,0.8199,0.08208,5.578
105,Ag2,0.8299,0.08362,5.653
106,Ag2,0.8399,0.08519,5.728
107,Ag2,0.8499,0.08679,5.802
108,Ag2,0.8599,0.08841,5.877
109,Ag2,0.8699,0.09007,5.951
110,Ag2,0.8799,0.09174,6.026
111,Ag2,0.8899,0.09345,6.1
112,Ag2,0.8999,0.09518,6.174
113,Ag2,0.9099,0.09694,6.248
114,Ag2,0.9199,0.09872,6.322
115,Ag2,0.9299,0.1005,6.396
116,Ag2,0.9399,0.1024,6.47
117,Ag2,0.9499,0.1042,6.544
118,Ag2,0.9599,0.1061,6.618
119,Ag2,0.9698,0.108,6.691
120,Ag2,0.9799,0.11,6.765
121,Ag2,0.9899,0.1119,6.838
122,Ag2,0.9999,0.1139,6.912
123,Ag2,1.01,0.1159,6.985
124,Ag2,1.02,0.1179,7.059
125,Ag2,1.03,0.12,7.132
126,Ag2,1.04,0.1221,7.206
127,Ag2,1.05,0.1242,7.279
128,Ag2,1.06,0.1263,7.352
129,Ag2,1.07,0.1285,7.425
130,Ag2,1.08,0.1306,7.498
131,Ag2,1.09,0.1328,7.571
132,Ag2,1.1,0.1351,7.645
133,Ag2,1.11,0.1373,7.718
134,Ag2,1.12,0.1396,7.791
135,Ag2,1.13,0.1419,7.863
136,Ag2,1.14,0.1442,7.936
137,Ag2,1.15,0.1465,8.009
138,Ag2,1.16,0.1489,8.082
139,Ag2,1.17,0.1513,8.155
140,Ag2,1.18,0.1537,8.228
141,Ag2,1.19,0.1561,8.3
142,Ag2,1.2,0.1585,8.373
143,Ag2,1.21,0.161,8.446
144,Ag2,1.22,0.1635,8.518
145,Ag2,1.23,0.166,8.591
146,Ag2,1.24,0.1686,8.664
147,Ag2,1.25,0.1711,8.736
148,Ag2,1.26,0.1737,8.809
149,Ag2,1.268,0.1759,8.869
150,Ag2,1.27,0.1763,8.881
151,Ag2,1.278,0.1785,8.942
152,Ag2,1.28,0.179,8.954
153,Ag2,1.288,0.1812,9.015
154,Ag2,1.29,0.1816,9.026
155,Ag2,1.299,0.184,9.09
156,Ag2,1.3,0.1843,9.099
157,Ag2,1.309,0.1868,9.166
158,Ag2,1.31,0.187,9.171
159,Ag2,1.32,0.1897,9.243
160,Ag2,1.328,0.1919,9.302
161,Ag2,1.33,0.1924,9.316
162,Ag2,1.339,0.1949,9.381
163,Ag2,1.34,0.1952,9.388
164,Ag2,1.347,0.1973,9.442
165,Ag2,1.35,0.198,9.46
166,Ag2,1.359,0.2004,9.524
167,Ag2,1.367,0.2029,9.586
168,Ag2,1.379,0.2062,9.67
169,Ag2,1.388,0.2087,9.734
170,Ag2,1.4,0.2122,9.82
171,Ag2,1.409,0.2148,9.886
172,Ag2,1.418,0.2176,9.953
173,Ag2,1.427,0.2203,10.02
174,Ag2,1.43,0.221,10.04
175,Ag2,1.437,0.2231,10.09
176,Ag2,1.44,0.224,10.11
177,Ag2,1.45,0.227,10.18
178,Ag2,1.46,0.2301,10.26
179,Ag2,1.469,0.233,10.32
180,Ag2,1.47,0.2331,10.33
181,Ag2,1.48,0.2362,10.4
182,Ag2,1.49,0.2393,10.47
183,Ag2,1.497,0.2414,10.52
184,Ag2,1.5,0.2424,10.54
185,Ag2,1.507,0.2446,10.6
186,Ag2,1.51,0.2455,10.62
187,Ag2,1.518,0.248,10.67
188,Ag2,1.52,0.2487,10.69
189,Ag2,1.528,0.2514,10.75
190,Ag2,1.53,0.2518,10.76
191,Ag2,1.539,0.2549,10.83
192,Ag2,1.54,0.255,10.83
193,Ag2,1.547,0.2572,10.88
194,Ag2,1.55,0.2582,10.9
195,Ag2,1.558,0.2608,10.96
196,Ag2,1.56,0.2615,10.98
197,Ag2,1.569,0.2645,11.04
198,Ag2,1.57,0.2647,11.05
199,Ag2,1.577,0.267,11.1
200,Ag2,1.58,0.268,11.12
201,Ag2,1.588,0.2708,11.18
202,Ag2,1.59,0.2713,11.19
203,Ag2,1.596,0.2734,11.24
204,Ag2,1.6,0.2747,11.26
205,Ag2,1.608,0.2774,11.32
206,Ag2,1.61,0.278,11.34
207,Ag2,1.616,0.2801,11.38
208,Ag2,1.62,0.2814,11.41
209,Ag2,1.628,0.2842,11.47
210,Ag2,1.63,0.2848,11.48
211,Ag2,1.636,0.287,11.53
212,Ag2,1.64,0.2882,11.55
213,Ag2,1.649,0.2913,11.62
214,Ag2,1.65,0.2916,11.62
215,Ag2,1.657,0.2942,11.68
216,Ag2,1.66,0.2951,11.69
217,Ag2,1.666,0.2972,11.74
218,Ag2,1.67,0.2985,11.77
219,Ag2,1.679,0.3017,11.83
220,Ag2,1.68,0.302,11.84
221,Ag2,1.688,0.3048,11.89
222,Ag2,1.69,0.3056,11.91
223,Ag2,1.696,0.3079,11.96
224,Ag2,1.7,0.3091,11.98
225,Ag2,1.705,0.3111,12.02
226,Ag2,1.71,0.3127,12.05
227,Ag2,1.719,0.3159,12.12
228,Ag2,1.72,0.3162,12.13
229,Ag2,1.728,0.3192,12.18
230,Ag2,1.73,0.3198,12.2
231,Ag2,1.737,0.3226,12.25
232,Ag2,1.74,0.3235,12.27
233,Ag2,1.747,0.326,12.32
234,Ag2,1.75,0.3271,12.34
235,Ag2,1.756,0.3295,12.39
236,Ag2,1.76,0.3308,12.41
237,Ag2,1.766,0.333,12.46
238,Ag2,1.77,0.3345,12.48
239,Ag2,1.775,0.3366,12.52
240,Ag2,1.78,0.3382,12.56
241,Ag2,1.785,0.3402,12.59
242,Ag2,1.79,0.3419,12.63
243,Ag2,1.795,0.3439,12.67
244,Ag2,1.8,0.3457,12.7
245,Ag2,1.805,0.3477,12.74
246,Ag2,1.81,0.3494,12.77
247,Ag2,1.815,0.3515,12.81
248,Ag2,1.82,0.3532,12.84
249,Ag2,1.825,0.3554,12.88
250,Ag2,1.83,0.357,12.91
251,Ag2,1.836,0.3593,12.96
252,Ag2,1.84,0.3609,12.99
253,Ag2,1.846,0.3634,13.03
254,Ag2,1.85,0.3647,13.06
255,Ag2,1.857,0.3675,13.11
256,Ag2,1.86,0.3686,13.13
257,Ag2,1.868,0.3716,13.18
258,Ag2,1.87,0.3725,13.2
259,Ag2,1.878,0.3759,13.26
260,Ag2,1.88,0.3764,13.27
261,Ag2,1.889,0.3802,13.34
262,Ag2,1.89,0.3804,13.34
263,Ag2,1.895,0.3824,13.38
264,Ag2,1.9,0.3843,13.42
265,Ag2,1.906,0.3868,13.46
266,Ag2,1.91,0.3883,13.49
267,Ag2,1.917,0.3913,13.54
268,Ag2,1.92,0.3923,13.56
269,Ag2,1.929,0.3959,13.62
270,Ag2,1.93,0.3964,13.63
271,Ag2,1.934,0.3982,13.66
272,Ag2,1.94,0.4004,13.7
273,Ag2,1.946,0.403,13.75
274,Ag2,1.95,0.4045,13.77
275,Ag2,1.958,0.4078,13.83
276,Ag2,1.96,0.4086,13.84
277,Ag2,1.97,0.4127,13.92
278,Ag2,1.976,0.4151,13.96
279,Ag2,1.98,0.4168,13.99
280,Ag2,1.988,0.4202,14.05
281,Ag2,1.99,0.421,14.06
282,Ag2,1.994,0.4227,14.09
283,Ag2,2.006,0.4279,14.18
284,Ag2,2.019,0.4331,14.27
285,Ag2,2.025,0.4358,14.31
286,Ag2,2.038,0.4412,14.4
287,Ag2,2.044,0.444,14.45
288,Ag2,2.057,0.4495,14.54
289,Ag2,2.064,0.4524,14.59
290,Ag2,2.077,0.4581,14.68
291,Ag2,2.084,0.461,14.73
292,Ag2,2.097,0.4669,14.83
293,Ag2,2.104,0.4699,14.88
294,Ag2,2.118,0.476,14.97
295,Ag2,2.125,0.4791,15.02
296,Ag2,2.139,0.4853,15.12
297,Ag2,2.146,0.4885,15.17
298,Ag2,2.153,0.4917,15.23
299,Ag2,2.167,0.4982,15.33
300,Ag2,2.175,0.5015,15.38
301,Ag2,2.189,0.5082,15.48
302,Ag2,2.197,0.5116,15.54
303,Ag2,2.204,0.5151,15.59
304,Ag2,2.219,0.5221,15.7
305,Ag2,2.227,0.5256,15.75
306,Ag2,2.235,0.5292,15.81
307,Ag2,2.242,0.5328,15.86
308,Ag2,2.258,0.5402,15.97
309,Ag2,2.266,0.5439,16.03
310,Ag2,2.274,0.5477,16.09
311,Ag2,2.282,0.5515,16.14
312,Ag2,2.298,0.5593,16.26
313,Ag2,2.306,0.5632,16.32
314,Ag2,2.314,0.5672,16.38
315,Ag2,2.323,0.5712,16.44
316,Ag2,2.339,0.5794,16.56
317,Ag2,2.348,0.5835,16.62
318,Ag2,2.356,0.5877,16.68
319,Ag2,2.365,0.592,16.74
320,Ag2,2.374,0.5963,16.8
321,Ag2,2.382,0.6006,16.86
322,Ag2,2.391,0.605,16.92
323,Ag2,2.409,0.6139,17.05
324,Ag2,2.418,0.6185,17.12
325,Ag2,2.427,0.6231,17.18
326,Ag2,2.436,0.6277,17.24
327,Ag2,2.445,0.6324,17.31
328,Ag2,2.455,0.6372,17.38
329,Ag2,2.464,0.642,17.44
330,Ag2,2.473,0.6468,17.51
331,Ag2,2.483,0.6517,17.58
332,Ag2,2.492,0.6567,17.65
333,Ag2,2.502,0.6617,17.71
334,Ag2,2.512,0.6668,17.78
335,Ag2,2.522,0.672,17.85
336,Ag2,2.531,0.6772,17.92
337,Ag2,2.541,0.6824,17.99
338,Ag2,2.551,0.6878,18.06
339,Ag2,2.561,0.6931,18.14
340,Ag2,2.572,0.6986,18.21
341,Ag2,2.582,0.7041,18.28
342,Ag2,2.592,0.7097,18.35
343,Ag2,2.603,0.7154,18.43
344,Ag2,2.613,0.7211,18.5
345,Ag2,2.624,0.7269,18.58
346,Ag2,2.634,0.7327,18.65
347,Ag2,2.645,0.7387,18.73
348,Ag2,2.656,0.7447,18.81
349,Ag2,2.667,0.7508,18.89
350,Ag2,2.678,0.7569,18.96
351,Ag2,2.689,0.7631,19.04
352,Ag2,2.7,0.7695,19.12
353,Ag2,2.711,0.7758,19.2
354,Ag2,2.723,0.7823,19.28
355,Ag2,2.734,0.7889,19.36
356,Ag2,2.746,0.7955,19.45
357,Ag2,2.758,0.8022,19.53
358,Ag2,2.769,0.809,19.61
359,Ag2,2.781,0.8159,19.7
360,Ag2,2.793,0.8229,19.78
361,Ag2,2.805,0.83,19.87
362,Ag2,2.817,0.8371,19.96
363,Ag2,2.83,0.8444,20.04
364,Ag2,2.842,0.8517,20.13
365,Ag2,2.855,0.8592,20.22
366,Ag2,2.867,0.8667,20.31
367,Ag2,2.88,0.8744,20.4
368,Ag2,2.893,0.8821,20.49
369,Ag2,2.906,0.89,20.58
370,Ag2,2.919,0.8979,20.68
371,Ag2,2.932,0.906,20.77
372,Ag2,2.946,0.9142,20.86
373,Ag2,2.959,0.9225,20.96
374,Ag2,2.973,0.9309,21.06
375,Ag2,2.986,0.9394,21.15
376,Ag2,3.014,0.9568,21.35
377,Ag2,3.028,0.9657,21.45
378,Ag2,3.042,0.9747,21.55
379,Ag2,3.057,0.9838,21.65
380,Ag2,3.071,0.9931,21.75
381,Ag2,3.086,1.003,21.86
382,Ag2,3.101,1.012,21.96
383,Ag2,3.116,1.022,22.07
384,Ag2,3.131,1.031,22.17
385,Ag2,3.146,1.041,22.28
386,Ag2,3.161,1.052,22.39
387,Ag2,3.177,1.062,22.5
388,Ag2,3.192,1.072,22.61
389,Ag2,3.208,1.083,22.72
390,Ag2,3.224,1.093,22.84
391,Ag2,3.24,1.104,22.95
392,Ag2,3.256,1.115,23.07
393,Ag2,3.273,1.126,23.18
394,Ag2,3.289,1.138,23.3
395,Ag2,3.306,1.149,23.42
396,Ag2,3.323,1.161,23.54
397,Ag2,3.34,1.173,23.66
398,Ag2,3.358,1.185,23.78
399,Ag2,3.375,1.197,23.9
400,Ag2,3.393,1.21,24.03
401,Ag2,3.411,1.222,24.16
402,Ag2,3.429,1.235,24.28
403,Ag2,3.447,1.248,24.41
404,Ag2,3.465,1.262,24.54
405,Ag2,3.484,1.275,24.67
406,Ag2,3.503,1.289,24.81
407,Ag2,3.522,1.303,24.94
408,Ag2,3.541,1.317,25.08
409,Ag2,3.561,1.331,25.21
410,Ag2,3.58,1.346,25.35
411,Ag2,3.6,1.361,25.49
412,Ag2,3.62,1.376,25.63
413,Ag2,3.641,1.391,25.78
414,Ag2,3.661,1.407,25.92
415,Ag2,3.682,1.422,26.07
416,Ag2,3.703,1.439,26.22
417,Ag2,3.724,1.455,26.37
418,Ag2,3.746,1.472,26.52
419,Ag2,3.768,1.489,26.67
420,Ag2,3.79,1.506,26.83
421,Ag2,3.812,1.524,26.98
422,Ag2,3.834,1.541,27.14
423,Ag2,3.857,1.56,27.3
424,Ag2,3.88,1.578,27.47
425,Ag2,3.904,1.597,27.63
426,Ag2,3.927,1.616,27.8
427,Ag2,3.951,1.636,27.97
428,Ag2,3.976,1.656,28.14
429,Ag2,4.025,1.697,28.48
430,Ag2,4.05,1.718,28.66
431,Ag2,4.076,1.739,28.84
432,Ag2,4.101,1.761,29.02
433,Ag2,4.128,1.783,29.2
434,Ag2,4.154,1.806,29.39
435,Ag2,4.181,1.829,29.58
436,Ag2,4.208,1.853,29.77
437,Ag2,4.235,1.877,29.96
438,Ag2,4.263,1.901,30.16
439,Ag2,4.292,1.926,30.35
440,Ag2,4.32,1.951,30.56
441,Ag2,4.349,1.977,30.76
442,Ag2,4.379,2.004,30.96
443,Ag2,4.408,2.031,31.17
444,Ag2,4.439,2.059,31.38
445,Ag2,4.469,2.087,31.6
446,Ag2,4.5,2.115,31.82
447,Ag2,4.532,2.145,32.04
448,Ag2,4.564,2.175,32.26
449,Ag2,4.596,2.205,32.49
450,Ag2,4.629,2.236,32.72
451,Ag2,4.662,2.268,32.95
452,Ag2,4.696,2.301,33.18
453,Ag2,4.73,2.334,33.42
454,Ag2,4.765,2.368,33.67
455,Ag2,4.8,2.403,33.91
456,Ag2,4.836,2.438,34.16
457,Ag2,4.872,2.474,34.42
458,Ag2,4.909,2.512,34.67
459,Ag2,4.947,2.55,34.93
460,Ag2,4.985,2.588,35.2
461,Ag2,5.023,2.628,35.47
462,Ag2,5.063,2.669,35.74
463,Ag2,5.103,2.71,36.02
464,Ag2,5.143,2.753,36.3
465,Ag2,5.184,2.796,36.59
466,Ag2,5.226,2.841,36.88
467,Ag2,5.269,2.886,37.17
468,Ag2,5.312,2.933,37.47
469,Ag2,5.356,2.981,37.78
470,Ag2,5.4,3.03,38.09
471,Ag2,5.446,3.08,38.4
472,Ag2,5.492,3.132,38.72
473,Ag2,5.539,3.185,39.05
474,Ag2,5.586,3.239,39.38
475,Ag2,5.635,3.294,39.71
476,Ag2,5.684,3.351,40.05
477,Ag2,5.735,3.41,40.4
478,Ag2,5.786,3.47,40.76
479,Ag2,5.838,3.532,41.12
480,Ag2,5.891,3.595,41.48
481,Ag2,5.945,3.66,41.85
482,Ag2,6.056,3.795,42.62
483,Ag2,6.114,3.865,43.01
484,Ag2,6.172,3.938,43.41
485,Ag2,6.231,4.012,43.82
486,Ag2,6.292,4.089,44.24
487,Ag2,6.353,4.168,44.66
488,Ag2,6.416,4.249,45.09
489,Ag2,6.48,4.332,45.53
490,Ag2,6.546,4.418,45.98
491,Ag2,6.612,4.507,46.44
492,Ag2,6.681,4.598,46.9
493,Ag2,6.75,4.692,47.38
494,Ag2,6.821,4.788,47.86
495,Ag2,6.894,4.888,48.36
496,Ag2,6.968,4.991,48.86
497,Ag2,7.044,5.097,49.38
498,Ag2,7.121,5.207,49.9
499,Ag2,7.2,5.32,50.44
500,Ag2,7.281,5.437,50.99
501,Ag2,7.364,5.557,51.55
502,Ag2,7.449,5.682,52.12
503,Ag2,7.535,5.811,52.71
504,Ag2,7.624,5.944,53.31
505,Ag2,7.715,6.082,53.92
506,Ag2,7.808,6.225,54.54
507,Ag2,7.903,6.373,55.18
508,Ag2,8.001,6.526,55.84
509,Ag2,8.1,6.684,56.51
510,Ag2,8.203,6.848,57.2
511,Ag2,8.308,7.019,57.9
512,Ag2,8.416,7.195,58.62
513,Ag2,8.527,7.379,59.36
514,Ag2,8.641,7.569,60.11
515,Ag2,8.757,7.767,60.89
516,Ag2,8.877,7.972,61.68
517,Ag2,9.001,8.186,62.5
518,Ag2,9.127,8.408,63.33
519,Ag2,9.257,8.639,64.19
520,Ag2,9.392,8.88,65.07
521,Ag2,9.53,9.131,65.98
522,Ag2,9.672,9.393,66.91
523,Ag2,9.819,9.665,67.87
524,Ag2,9.97,9.95,68.85
525,Ag2,10.13,10.25,69.86
526,Ag2,10.29,10.56,70.9
527,Ag2,10.45,10.88,71.97
528,Ag2,10.62,11.22,73.07
529,Ag2,10.8,11.58,74.21
530,Ag2,10.98,11.95,75.38
531,Ag2,11.17,12.34,76.58
532,Ag2,11.37,12.75,77.83
533,Ag2,11.57,13.18,79.11
534,Ag2,11.78,13.63,80.43
535,Ag2,12.23,14.6,83.21
536,Ag2,12.46,15.12,84.67
537,Ag2,12.71,15.67,86.18
538,Ag2,12.96,16.25,87.74
539,Ag2,13.23,16.87,89.36
540,Ag2,13.5,17.52,91.03
541,Ag2,13.79,18.2,92.77
542,Ag2,14.09,18.93,94.57
543,Ag2,14.4,19.7,96.43
544,Ag2,14.73,20.51,98.37
545,Ag2,15.07,21.37,100.4
546,Ag2,15.43,22.29,102.5
547,Ag2,15.81,23.27,104.6
548,Ag2,16.2,24.31,106.9
549,Ag2,16.62,25.41,109.3
550,Ag2,17.05,26.59,111.7
551,Ag2,17.51,27.85,114.3
552,Ag2,18.52,30.65,119.7
553,Ag2,19.06,32.2,122.6
554,Ag2,19.64,33.86,125.6
555,Ag2,20.25,35.65,128.8
556,Ag2,20.9,37.57,132.1
557,Ag2,21.6,39.65,135.6
558,Ag2,22.35,41.89,139.3
559,Ag2,23.14,44.31,143.1
560,Ag2,24.92,49.79,151.4
561,Al,0.00012399,0.9999946,8.241e-08
562,Al,0.00013051,0.999994,1.272e-07
563,Al,0.00013776,0.999993,1.2488e-07
564,Al,0.00015498,0.999991,1.9173e-07
565,Al,0.00017712,0.999989,3.1463e-07
566,Al,0.00020664,0.999984,5.5102e-07
567,Al,0.00024797,0.99998,1.0726e-06
568,Al,0.00030996,0.99997,2.4843e-06
569,Al,0.00035424,0.99995,4.0484e-06
570,Al,0.00041328,0.99994,7.1408e-06
571,Al,0.00049594,0.99991,1.3642e-05
572,Al,0.00061993,0.99987,3.2079e-05
573,Al,0.00065255,0.99986,3.8497e-05
574,Al,0.00068881,0.99985,4.7138e-05
575,Al,0.00072932,0.99984,5.7974e-05
576,Al,0.00074021,0.99984,6.1633e-05
577,Al,0.00077734,0.99986,7.4862e-05
578,Al,0.00078472,0.99987,7.848e-05
579,Al,0.00079274,0.9999,8.5418e-05
580,Al,0.00079376,0.99992,7.1847e-05
581,Al,0.00079478,0.99993,4.9998e-05
582,Al,0.00079529,0.99992,4.1131e-05
583,Al,0.0007958,0.99992,3.2911e-05
584,Al,0.00079785,0.99991,2.3687e-05
585,Al,0.00079887,0.99991,1.1026e-05
586,Al,0.0007999,0.99989,6.0484e-06
587,Al,0.0008051,0.99987,6.1901e-06
588,Al,0.00081569,0.99985,6.4818e-06
589,Al,0.00082657,0.99983,6.8049e-06
590,Al,0.00085507,0.99981,7.8422e-06
591,Al,0.00088561,0.99979,8.94e-06
592,Al,0.00095373,0.99974,1.1636e-05
593,Al,0.0010332,0.99968,1.5628e-05
594,Al,0.0011271,0.99961,2.1586e-05
595,Al,0.0012399,0.99953,3.1115e-05
596,Al,0.0013776,0.9994,4.6771e-05
597,Al,0.0015498,0.99924,7.2992e-05
598,Al,0.0017712,0.99898,0.00011811
599,Al,0.0020664,0.9986,0.00022001
600,Al,0.0024797,0.99797,0.00043503
601,Al,0.0030996,0.99694,0.00096887
602,Al,0.0041328,0.9948,0.0023492
603,Al,0.0049594,0.99313,0.0041863
604,Al,0.0061993,0.99111,0.0075099
605,Al,0.0065255,0.99054,0.0084716
606,Al,0.0068881,0.99007,0.0096517
607,Al,0.0072932,0.98909,0.010987
608,Al,0.0077491,0.98912,0.013728
609,Al,0.0082657,0.98966,0.014773
610,Al,0.0085507,0.98934,0.015437
611,Al,0.0088561,0.98883,0.016304
612,Al,0.0091841,0.98793,0.017765
613,Al,0.0095373,0.98761,0.020606
614,Al,0.0099188,0.98941,0.023421
615,Al,0.010332,0.99139,0.024063
616,Al,0.010781,0.99233,0.024928
617,Al,0.011271,0.99415,0.025452
618,Al,0.011808,0.99285,0.024415
619,Al,0.012399,0.99123,0.02992
620,Al,0.012652,0.99265,0.033061
621,Al,0.012915,0.99652,0.035883
622,Al,0.01319,1.0012,0.035311
623,Al,0.013477,1.0041,0.033392
624,Al,0.013776,1.0058,0.030918
625,Al,0.014089,1.006,0.028956
626,Al,0.014417,1.0065,0.028232
627,Al,0.01476,1.0074,0.026826
628,Al,0.01512,1.0077,0.02546
629,Al,0.015498,1.0075,0.024476
630,Al,0.015694,1.0075,0.024501
631,Al,0.015896,1.0078,0.024757
632,Al,0.016102,1.0095,0.02518
633,Al,0.016314,1.0106,0.023853
634,Al,0.016422,1.011,0.023955
635,Al,0.016531,1.0118,0.02402
636,Al,0.016642,1.0132,0.024343
637,Al,0.016755,1.0151,0.024184
638,Al,0.016777,1.0156,0.024228
639,Al,0.0168,1.0161,0.024282
640,Al,0.016823,1.0167,0.024375
641,Al,0.016846,1.0173,0.024499
642,Al,0.016869,1.0181,0.024831
643,Al,0.016892,1.0194,0.025432
644,Al,0.016915,1.0219,0.026018
645,Al,0.016938,1.0259,0.024227
646,Al,0.016961,1.0262,0.019564
647,Al,0.016984,1.0246,0.019145
648,Al,0.017008,1.0255,0.020012
649,Al,0.017031,1.0305,0.020072
650,Al,0.017054,1.0349,0.012476
651,Al,0.017078,1.0305,0.0041164
652,Al,0.017101,1.0249,0.0036218
653,Al,0.017125,1.0226,0.0034141
654,Al,0.017149,1.0206,0.00344
655,Al,0.017172,1.0192,0.0034767
656,Al,0.017196,1.0179,0.0034877
657,Al,0.017208,1.0174,0.0035108
658,Al,0.01722,1.0169,0.0035249
659,Al,0.017463,1.0108,0.0034957
660,Al,0.017712,1.007,0.0035425
661,Al,0.018233,1.0019,0.003673
662,Al,0.018786,0.99791,0.0038926
663,Al,0.019373,0.99457,0.0041092
664,Al,0.019998,0.99143,0.0042397
665,Al,0.020664,0.98827,0.0043696
666,Al,0.022543,0.97998,0.0050004
667,Al,0.024797,0.97048,0.0057469
668,Al,0.027552,0.95834,0.0066191
669,Al,0.030996,0.94189,0.0078466
670,Al,0.035424,0.91802,0.0093121
671,Al,0.041328,0.88013,0.011651
672,Al,0.049594,0.81512,0.015894
673,Al,0.061993,0.67912,0.02234
674,Al,0.065255,0.63242,0.02477
675,Al,0.068881,0.57251,0.027681
676,Al,0.072932,0.49131,0.032409
677,Al,0.077491,0.37197,0.044202
678,Al,0.078472,0.34031,0.04832
679,Al,0.079478,0.30373,0.053349
680,Al,0.07999,0.28271,0.056697
681,Al,0.08051,0.25936,0.061407
682,Al,0.081036,0.23344,0.068348
683,Al,0.081569,0.20569,0.079959
684,Al,0.082109,0.17943,0.094223
685,Al,0.082657,0.15065,0.11041
686,Al,0.083774,0.094517,0.16589
687,Al,0.084921,0.067041,0.2342
688,Al,0.086101,0.054863,0.29293
689,Al,0.088561,0.044168,0.39115
690,Al,0.095373,0.036437,0.59086
691,Al,0.10332,0.035753,0.77163
692,Al,0.11271,0.038468,0.95677
693,Al,0.12399,0.046304,1.1555
694,Al,0.13776,0.057167,1.3775
695,Al,0.15498,0.072505,1.6366
696,Al,0.17712,0.094236,1.9519
697,Al,0.20664,0.12677,2.3563
698,Al,0.24797,0.18137,2.9029
699,Al,0.30996,0.28003,3.7081
700,Al,0.32628,0.31474,3.9165
701,Al,0.36466,0.39877,4.3957
702,Al,0.41328,0.52135,5.0008
703,Al,0.4428,0.6079,5.3676
704,Al,0.47687,0.7278,5.7781
705,Al,0.5166,0.8734,6.2418
706,Al,0.56357,1.0728,6.7839
707,Al,0.61993,1.366,7.4052
708,Al,0.65225,1.5724,7.7354
709,Al,0.68881,1.8301,8.0601
710,Al,0.72932,2.1606,8.3565
711,Al,0.77491,2.6154,8.4914
712,Al,0.79478,2.7675,8.3866
713,Al,0.81569,2.7668,8.2573
714,Al,0.83774,2.6945,8.1878
715,Al,0.88561,2.2802,8.1134
716,Al,0.91166,1.9739,8.3058
717,Al,0.93928,1.6784,8.597
718,Al,0.96863,1.4867,9.0655
719,Al,0.99988,1.4359,9.4939
720,Al,1.0332,1.3998,9.8914
721,Al,1.1271,1.3281,10.969
722,Al,1.2399,1.3157,12.245
723,Al,1.3776,1.3899,13.784
724,Al,1.5498,1.5782,15.656
725,Al,1.7712,1.9205,17.991
726,Al,2.0664,2.4738,20.982
727,Al,2.4797,3.3372,25.004
728,Al,2.7552,3.938,27.58
729,Al,3.0996,4.7097,30.737
730,Al,3.2628,5.0735,32.183
731,Al,3.444,5.4903,33.814
732,Al,3.6466,5.9564,35.608
733,Al,3.8745,6.4808,37.595
734,Al,4.1328,7.0796,39.826
735,Al,4.428,7.7757,42.367
736,Al,4.7687,8.5881,45.257
737,Al,5.166,9.558,48.593
738,Al,5.6357,10.742,52.518
739,Al,6.1993,12.195,57.156
740,Al,6.8881,14.088,62.841
741,Al,7.7491,16.755,69.857
742,Al,8.8561,20.837,78.274
743,Al,10.332,26.216,88.197
744,Al,12.399,33.519,101.28
745,Al,13.776,38.461,108.96
746,Al,15.498,43.775,118.39
747,Al,17.712,50.951,129.49
748,Al,19.075,54.413,136.09
749,Al,20.664,58.58,144.23
750,Al,22.543,63.554,153.45
751,Al,24.797,68.535,164.81
752,Al,27.552,75.748,181.78
753,Al,30.996,91.955,199.99
754,Al,33.333,102.1,208.1
755,Al,44.444,140.05,243.43
756,Al,57.144,177.93,275.34
757,Al,66.666,202.63,295.42
758,Al,80.001,233.56,321.08
759,Al,99.996,274.38,354.35
760,Al,137.76,339.62,408.92
761,Al,153.85,364.04,429.62
762,Al,177.12,397.93,458.5
763,Au,0.1879,1.28,1.188
764,Au,0.1916,1.32,1.203
765,Au,0.1953,1.34,1.226
766,Au,0.1993,1.33,1.251
767,Au,0.2033,1.33,1.277
768,Au,0.2073,1.3,1.304
769,Au,0.2119,1.3,1.35
770,Au,0.2164,1.3,1.387
771,Au,0.2214,1.3,1.427
772,Au,0.2262,1.31,1.46
773,Au,0.2313,1.3,1.497
774,Au,0.2371,1.32,1.536
775,Au,0.2426,1.32,1.577
776,Au,0.249,1.33,1.631
777,Au,0.2551,1.33,1.688
778,Au,0.2616,1.35,1.749
779,Au,0.2689,1.38,1.803
780,Au,0.2761,1.43,1.847
781,Au,0.2844,1.47,1.869
782,Au,0.2924,1.49,1.878
783,Au,0.3009,1.53,1.889
784,Au,0.3107,1.53,1.893
785,Au,0.3204,1.54,1.898
786,Au,0.3315,1.48,1.883
787,Au,0.3425,1.48,1.871
788,Au,0.3542,1.5,1.866
789,Au,0.3679,1.48,1.895
790,Au,0.3815,1.46,1.933
791,Au,0.3974,1.47,1.952
792,Au,0.4133,1.46,1.958
793,Au,0.4305,1.45,1.948
794,Au,0.4509,1.38,1.914
795,Au,0.4714,1.31,1.849
796,Au,0.4959,1.04,1.833
797,Au,0.5209,0.62,2.081
798,Au,0.5486,0.43,2.455
799,Au,0.5821,0.29,2.863
800,Au,0.6168,0.21,3.272
801,Au,0.6595,0.14,3.697
802,Au,0.7045,0.13,4.103
803,Au,0.756,0.14,4.542
804,Au,0.8211,0.16,5.083
805,Au,0.892,0.17,5.663
806,Au,0.984,0.22,6.35
807,Au,1.088,0.27,7.15
808,Au,1.216,0.35,8.145
809,Au,1.393,0.43,9.519
810,Au,1.61,0.56,11.21
811,Au,1.937,0.92,13.78
812,Au2,0.2066,1.243,1.151
813,Au2,0.2101,1.235,1.182
814,Au2,0.2138,1.231,1.21
815,Au2,0.2175,1.225,1.245
816,Au2,0.2214,1.227,1.279
817,Au2,0.2254,1.228,1.311
818,Au2,0.2296,1.226,1.346
819,Au2,0.2339,1.228,1.381
820,Au2,0.2384,1.23,1.415
821,Au2,0.2431,1.231,1.458
822,Au2,0.248,1.235,1.502
823,Au2,0.253,1.248,1.555
824,Au2,0.2583,1.266,1.607
825,Au2,0.2638,1.291,1.657
826,Au2,0.2695,1.321,1.71
827,Au2,0.2755,1.374,1.757
828,Au2,0.2818,1.427,1.78
829,Au2,0.2883,1.473,1.792
830,Au2,0.2952,1.504,1.798
831,Au2,0.3024,1.536,1.813
832,Au2,0.31,1.571,1.83
833,Au2,0.3179,1.615,1.83
834,Au2,0.3263,1.655,1.816
835,Au2,0.3351,1.668,1.778
836,Au2,0.3444,1.642,1.751
837,Au2,0.3542,1.61,1.755
838,Au2,0.3647,1.59,1.78
839,Au2,0.3757,1.576,1.801
840,Au2,0.3875,1.568,1.824
841,Au2,0.3999,1.569,1.839
842,Au2,0.4133,1.559,1.825
843,Au2,0.4275,1.53,1.811
844,Au2,0.4428,1.486,1.797
845,Au2,0.4592,1.457,1.736
846,Au2,0.4769,1.266,1.56
847,Au2,0.4959,0.8564,1.629
848,Au2,0.5166,0.502,1.853
849,Au2,0.5391,0.329,2.249
850,Au2,0.5636,0.2452,2.569
851,Au2,0.5904,0.1823,2.88
852,Au2,0.6199,0.1357,3.204
853,Au2,0.6525,0.1091,3.529
854,Au2,0.6888,0.08524,3.871
855,Au2,0.7293,0.07661,4.242
856,Au2,0.7749,0.07883,4.63
857,Au2,0.8266,0.08019,5.05
858,Au2,0.8856,0.087,5.517
859,Au2,0.9537,0.0944,6.038
860,Au2,1.033,0.1018,6.633
861,Au2,1.127,0.1098,7.332
862,Au2,1.24,0.1351,8.142
863,Au2,1.305,0.1324,8.613
864,Au2,1.378,0.1488,9.141
865,Au2,1.459,0.1677,9.72
866,Au2,1.55,0.1898,10.35
867,Au2,1.653,0.1864,11.08
868,Au2,1.771,0.2159,11.93
869,Au2,1.907,0.2514,12.89
870,Au2,2.254,0.3542,15.3
871,Au2,2.48,0.4296,16.86
872,Au2,2.755,0.5293,18.72
873,Au2,3.1,0.5591,21.09
874,Au2,3.542,0.7358,24.2
875,Au2,4.133,1.004,28.27
876,Au2,4.959,1.448,33.95
877,Au2,6.199,2.264,42.43
878,Au2,8.266,4.018,56.47
879,Au2,12.4,8.964,84.09
880,Be,0.24797,1.6444,2.9702
881,Be,0.25494,1.7278,3.0024
882,Be,0.26212,1.8112,3.0308
883,Be,0.26949,1.8942,3.0554
884,Be,0.27707,1.9763,3.0766
885,Be,0.28487,2.0573,3.0944
886,Be,0.29288,2.1368,3.1091
887,Be,0.30112,2.2147,3.121
888,Be,0.3096,2.2907,3.1302
889,Be,0.31831,2.3646,3.1372
890,Be,0.32726,2.4362,3.142
891,Be,0.33647,2.5055,3.145
892,Be,0.34594,2.5723,3.1464
893,Be,0.35567,2.6366,3.1466
894,Be,0.36568,2.6983,3.1456
895,Be,0.37596,2.7574,3.1439
896,Be,0.38654,2.8139,3.1415
897,Be,0.39742,2.8678,3.1388
898,Be,0.4086,2.919,3.1358
899,Be,0.42009,2.9677,3.1328
900,Be,0.43191,3.0138,3.13
901,Be,0.44406,3.0574,3.1275
902,Be,0.45656,3.0984,3.1255
903,Be,0.4694,3.137,3.1241
904,Be,0.48261,3.1731,3.1235
905,Be,0.49619,3.2068,3.1238
906,Be,0.51015,3.2381,3.125
907,Be,0.5245,3.267,3.1275
908,Be,0.53926,3.2937,3.1312
909,Be,0.55443,3.318,3.1362
910,Be,0.57003,3.34,3.1427
911,Be,0.58606,3.3597,3.1508
912,Be,0.60255,3.3772,3.1606
913,Be,0.6195,3.3924,3.1723
914,Be,0.63693,3.4054,3.1858
915,Be,0.65485,3.4161,3.2013
916,Be,0.67328,3.4246,3.2191
917,Be,0.69222,3.4308,3.239
918,Be,0.7117,3.4348,3.2614
919,Be,0.73172,3.4366,3.2863
920,Be,0.75231,3.436,3.3139
921,Be,0.77347,3.4332,3.3443
922,Be,0.79523,3.4282,3.3777
923,Be,0.81761,3.4209,3.4142
924,Be,0.84061,3.4113,3.454
925,Be,0.86426,3.3994,3.4973
926,Be,0.88857,3.3853,3.5442
927,Be,0.91357,3.369,3.5951
928,Be,0.93928,3.3505,3.6499
929,Be,0.9657,3.3298,3.7091
930,Be,0.99287,3.307,3.7728
931,Be,1.0208,3.2822,3.8412
932,Be,1.0495,3.2554,3.9145
933,Be,1.0791,3.2268,3.9931
934,Be,1.1094,3.1964,4.077
935,Be,1.1406,3.1644,4.1666
936,Be,1.1727,3.1309,4.262
937,Be,1.2057,3.0961,4.3635
938,Be,1.2396,3.0602,4.4712
939,Be,1.2745,3.0233,4.5854
940,Be,1.3104,2.9856,4.7062
941,Be,1.3472,2.9474,4.8338
942,Be,1.3851,2.9089,4.9683
943,Be,1.4241,2.8702,5.1099
944,Be,1.4642,2.8316,5.2586
945,Be,1.5054,2.7933,5.4145
946,Be,1.5477,2.7555,5.5777
947,Be,1.5913,2.7183,5.7482
948,Be,1.636,2.682,5.9262
949,Be,1.6821,2.6466,6.1116
950,Be,1.7294,2.6125,6.3045
951,Be,1.778,2.5796,6.5049
952,Be,1.8281,2.5481,6.7128
953,Be,1.8795,2.518,6.9283
954,Be,1.9324,2.4896,7.1515
955,Be,1.9867,2.4629,7.3823
956,Be,2.0426,2.4379,7.6208
957,Be,2.1001,2.4147,7.8671
958,Be,2.1592,2.3934,8.1213
959,Be,2.2199,2.374,8.3835
960,Be,2.2824,2.3565,8.6537
961,Be,2.3466,2.341,8.932
962,Be,2.4126,2.3276,9.2186
963,Be,2.4805,2.3163,9.5136
964,Be,2.5503,2.307,9.8172
965,Be,2.6221,2.3,10.129
966,Be,2.6958,2.2951,10.451
967,Be,2.7717,2.2924,10.781
968,Be,2.8497,2.2921,11.12
969,Be,2.9298,2.294,11.469
970,Be,3.0123,2.2984,11.827
971,Be,3.097,2.3052,12.195
972,Be,3.1841,2.3145,12.573
973,Be,3.2737,2.3264,12.962
974,Be,3.3658,2.3409,13.361
975,Be,3.4605,2.3582,13.77
976,Be,3.5579,2.3783,14.191
977,Be,3.658,2.4013,14.623
978,Be,3.7609,2.4273,15.067
979,Be,3.8667,2.4564,15.522
980,Be,3.9755,2.4888,15.99
981,Be,4.0873,2.5246,16.47
982,Be,4.2023,2.5638,16.963
983,Be,4.3206,2.6068,17.468
984,Be,4.4421,2.6535,17.988
985,Be,4.5671,2.7041,18.521
986,Be,4.6956,2.7589,19.068
987,Be,4.8277,2.8181,19.629
988,Be,4.9635,2.8817,20.205
989,Be,5.1032,2.9501,20.796
990,Be,5.2468,3.0234,21.403
991,Be,5.3944,3.1019,22.026
992,Be,5.5461,3.1858,22.665
993,Be,5.7022,3.2754,23.32
994,Be,5.8626,3.371,23.992
995,Be,6.0275,3.4728,24.682
996,Be,6.1971,3.5811,25.39
997,Be,6.3715,3.6963,26.116
998,Be,6.5507,3.8187,26.86
999,Be,6.735,3.9487,27.624
1000,Be,6.9245,4.0866,28.406
1001,Be,7.1193,4.2328,29.209
1002,Be,7.3196,4.3877,30.032
1003,Be,7.5256,4.5517,30.876
1004,Be,7.7373,4.7254,31.74
1005,Be,7.955,4.9091,32.627
1006,Be,8.1788,5.1034,33.535
1007,Be,8.4089,5.3087,34.465
1008,Be,8.6455,5.5256,35.418
1009,Be,8.8887,5.7546,36.395
1010,Be,9.1388,5.9964,37.394
1011,Be,9.3959,6.2515,38.418
1012,Be,9.6603,6.5205,39.466
1013,Be,9.9321,6.8041,40.539
1014,Be,10.212,7.1029,41.636
1015,Be,10.499,7.4177,42.759
1016,Be,10.794,7.7492,43.908
1017,Be,11.098,8.098,45.083
1018,Be,11.41,8.4651,46.283
1019,Be,11.731,8.851,47.511
1020,Be,12.061,9.2568,48.765
1021,Be,12.401,9.6831,50.046
1022,Be,12.749,10.131,51.355
1023,Be,13.108,10.601,52.69
1024,Be,13.477,11.094,54.053
1025,Be,13.856,11.611,55.444
1026,Be,14.246,12.154,56.862
1027,Be,14.647,12.722,58.308
1028,Be,15.059,13.317,59.782
1029,Be,15.482,13.94,61.283
1030,Be,15.918,14.592,62.812
1031,Be,16.366,15.274,64.368
1032,Be,16.826,15.986,65.952
1033,Be,17.3,16.73,67.562
1034,Be,17.786,17.506,69.199
1035,Be,18.287,18.316,70.863
1036,Be,18.801,19.161,72.552
1037,Be,19.33,20.041,74.267
1038,Be,19.874,20.957,76.007
1039,Be,20.433,21.91,77.772
1040,Be,21.008,22.902,79.561
1041,Be,21.599,23.932,81.373
1042,Be,22.207,25.001,83.208
1043,Be,22.832,26.111,85.066
1044,Be,23.474,27.261,86.944
1045,Be,24.134,28.454,88.844
1046,Be,24.813,29.688,90.763
1047,Be,25.512,30.965,92.701
1048,Be,26.229,32.284,94.658
1049,Be,26.967,33.648,96.631
1050,Be,27.726,35.054,98.622
1051,Be,28.506,36.505,100.63
1052,Be,30.133,39.54,104.68
1053,Be,30.98,41.123,106.73
1054,Be,31.852,42.751,108.79
1055,Be,32.748,44.423,110.86
1056,Be,33.67,46.139,112.94
1057,Be,34.617,47.899,115.03
1058,Be,35.591,49.702,117.13
1059,Be,36.592,51.548,119.24
1060,Be,37.622,53.437,121.36
1061,Be,38.68,55.369,123.48
1062,Be,39.768,57.342,125.61
1063,Be,40.887,59.356,127.75
1064,Be,42.038,61.411,129.89
1065,Be,43.22,63.506,132.04
1066,Be,44.436,65.641,134.19
1067,Be,45.686,67.814,136.35
1068,Be,46.972,70.025,138.51
1069,Be,48.293,72.273,140.68
1070,Be,49.652,74.558,142.85
1071,Be,51.049,76.879,145.03
1072,Be,52.485,79.235,147.21
1073,Be,53.962,81.626,149.39
1074,Be,55.48,84.05,151.59
1075,Be,57.041,86.508,153.78
1076,Be,58.646,88.998,155.99
1077,Be,60.296,91.521,158.2
1078,Be,61.992,94.075,160.42
1079,Li,0.326,0.338,1.4
1080,Li,0.335,0.329,1.45
1081,Li,0.344,0.32,1.5
1082,Li,0.354,0.311,1.55
1083,Li,0.365,0.301,1.61
1084,Li,0.376,0.292,1.66
1085,Li,0.387,0.281,1.72
1086,Li,0.4,0.273,1.78
1087,Li,0.413,0.263,1.84
1088,Li,0.428,0.255,1.9
1089,Li,0.443,0.244,1.99
1090,Li,0.459,0.235,2.08
1091,Li,0.477,0.225,2.19
1092,Li,0.496,0.214,2.33
1093,Li,0.517,0.209,2.43
1094,Li,0.539,0.202,2.58
1095,Li,0.564,0.199,2.69
1096,Li,0.59,0.194,2.86
1097,Li,0.62,0.191,3.04
1098,Li,0.653,0.19,3.22
1099,Li,0.689,0.191,3.42
1100,Li,0.729,0.194,3.62
1101,Li,0.775,0.197,3.88
1102,Li,0.827,0.204,4.14
1103,Li,0.886,0.216,4.43
1104,Li,0.954,0.229,4.81
1105,Li,1.033,0.251,5.2
1106,Li,1.127,0.278,5.7
1107,Li,1.24,0.319,6.28
1108,Li,1.378,0.371,6.98
1109,Li,1.55,0.436,7.87
1110,Li,1.771,0.53,8.99
1111,Li,2.066,0.663,10.5
1112,Si,0.25,1.665,3.665
1113,Si,0.26,1.757,4.084
1114,Si,0.27,2.068,4.68
1115,Si,0.28,2.959,5.287
1116,Si,0.29,4.356,5.286
1117,Si,0.3,4.976,4.234
1118,Si,0.31,5.121,3.598
1119,Si,0.32,5.112,3.303
1120,Si,0.33,5.195,3.1
1121,Si,0.34,5.301,2.977
1122,Si,0.35,5.494,2.938
1123,Si,0.36,6.026,2.966
1124,Si,0.37,6.891,2.171
1125,Si,0.38,6.616,0.946
1126,Si,0.39,6.039,0.445
1127,Si,0.4,5.613,0.296
1128,Si,0.41,5.33,0.227
1129,Si,0.42,5.119,0.176
1130,Si,0.43,4.949,0.138
1131,Si,0.44,4.812,0.107
1132,Si,0.45,4.691,0.086302
1133,Si,0.46,4.587,0.071381
1134,Si,0.47,4.497,0.062086
1135,Si,0.48,4.419,0.055004
1136,Si,0.49,4.35,0.049131
1137,Si,0.5,4.294,0.044165
1138,Si,0.51,4.241,0.039367
1139,Si,0.52,4.193,0.036415
1140,Si,0.53,4.151,0.033108
1141,Si,0.54,4.112,0.030295
1142,Si,0.55,4.077,0.027968
1143,Si,0.56,4.045,0.025758
1144,Si,0.57,4.015,0.024131
1145,Si,0.58,3.988,0.022524
1146,Si,0.59,3.963,0.021081
1147,Si,0.6,3.94,0.019934
1148,Si,0.61,3.918,0.018446
1149,Si,0.62,3.898,0.017367
1150,Si,0.63,3.879,0.016444
1151,Si,0.64,3.861,0.015432
1152,Si,0.65,3.844,0.014431
1153,Si,0.66,3.828,0.013498
1154,Si,0.67,3.813,0.012743
1155,Si,0.68,3.798,0.011905
1156,Si,0.69,3.784,0.011201
1157,Si,0.7,3.772,0.010528
1158,Si,0.71,3.759,0.010057
1159,Si,0.72,3.748,0.0096257
1160,Si,0.73,3.737,0.0089461
1161,Si,0.74,3.727,0.008362
1162,Si,0.75,3.717,0.0078185
1163,Si,0.76,3.708,0.007197
1164,Si,0.77,3.699,0.0067402
1165,Si,0.78,3.691,0.0063933
1166,Si,0.79,3.683,0.005834
1167,Si,0.8,3.675,0.0054113
1168,Si,0.81,3.668,0.0049955
1169,Si,0.82,3.661,0.0046134
1170,Si,0.83,3.654,0.0042734
1171,Si,0.84,3.647,0.0039439
1172,Si,0.85,3.641,0.003612
1173,Si,0.86,3.635,0.0032781
1174,Si,0.87,3.63,0.0029839
1175,Si,0.88,3.624,0.0026821
1176,Si,0.89,3.619,0.0024293
1177,Si,0.9,3.614,0.0021701
1178,Si,0.91,3.609,0.0019625
1179,Si,0.92,3.604,0.0017571
1180,Si,0.93,3.6,0.0015467
1181,Si,0.94,3.595,0.0013689
1182,Si,0.95,3.591,0.0011793
1183,Si,0.96,3.587,0.0010237
1184,Si,0.97,3.583,0.00087225
1185,Si,0.98,3.579,0.00074866
1186,Si,0.99,3.575,0.00062238
1187,Si,1.01,3.568,0.00041071
1188,Si,1.02,3.565,0.00032386
1189,Si,1.03,3.562,0.00024753
1190,Si,1.04,3.559,0.00018704
1191,Si,1.05,3.556,0.0001362
1192,Si,1.06,3.553,9.3631e-05
1193,Si,1.07,3.55,6.8118e-05
1194,Si,1.08,3.547,5.3285e-05
1195,Si,1.09,3.545,4.0768e-05
1196,Si,1.1,3.542,3.0637e-05
1197,Si,1.11,3.54,2.3849e-05
1198,Si,1.12,3.537,1.7825e-05
1199,Si,1.13,3.535,1.3488e-05
1200,Si,1.14,3.532,9.0718e-06
1201,Si,1.15,3.53,6.223e-06
1202,Si,1.16,3.528,3.877e-06
1203,Si,1.17,3.526,2.0483e-06
1204,Si,1.18,3.524,6.1036e-07
1205,Si,1.19,3.522,3.4091e-07
1206,Si,1.2,3.52,2.1008e-07
1207,Si,1.21,3.518,1.2518e-07
1208,Si,1.22,3.517,7.9609e-08
1209,Si,1.23,3.515,4.6004e-08
1210,Si,1.24,3.513,2.3682e-08
1211,Si,1.25,3.511,9.9472e-09
1212,Si,1.26,3.509,3.6096e-09
1213,Si,1.27,3.508,2.0213e-09
1214,Si,1.28,3.506,1.2223e-09
1215,Si,1.29,3.505,7.2885e-10
1216,Si,1.3,3.503,4.6553e-10
1217,Si,1.31,3.502,2.8147e-10
1218,Si,1.32,3.5,1.6807e-10
1219,Si,1.33,3.499,8.467e-11
1220,Si,1.34,3.497,3.7322e-11
1221,Si,1.35,3.496,1.8263e-11
1222,Si,1.36,3.495,1.0281e-11
1223,Si,1.37,3.494,6.5413e-12
1224,Si,1.38,3.492,4.173e-12
1225,Si,1.39,3.491,2.5441e-12
1226,Si,1.4,3.49,1.5597e-12
1227,Si,1.41,3.489,9.5374e-13
1228,Si,1.42,3.488,5.65e-13
1229,Si,1.43,3.487,2.8449e-13
1230,Si,1.44,3.486,2.0626e-13
1231,Si,1.45,3.485,1.3846e-13
1431,material,0.00012399,0.9999946,8.241e-08
1432,material,0.00013051,0.999994,1.272e-07
1433,material,0.00013776,0.999993,1.2488e-07
1434,material,0.00015498,0.999991,1.9173e-07
1435,material,0.00017712,0.999989,3.1463e-07
1436,material,0.00020664,0.999984,5.5102e-07
1437,material,0.00024797,0.99998,1.0726e-06
1438,material,0.00030996,0.99997,2.4843e-06
1439,material,0.00035424,0.99995,4.0484e-06
1440,material,0.00041328,0.99994,7.1408e-06
1441,material,0.00049594,0.99991,1.3642e-05
1442,material,0.00061993,0.99987,3.2079e-05
1443,material,0.00065255,0.99986,3.8497e-05
1444,material,0.00068881,0.99985,4.7138e-05
1445,material,0.00072932,0.99984,5.7974e-05
1446,material,0.00074021,0.99984,6.1633e-05
1447,material,0.00077734,0.99986,7.4862e-05
1448,material,0.00078472,0.99987,7.848e-05
1449,material,0.00079274,0.9999,8.5418e-05
1450,material,0.00079376,0.99992,7.1847e-05
1451,material,0.00079478,0.99993,4.9998e-05
1452,material,0.00079529,0.99992,4.1131e-05
1453,material,0.0007958,0.99992,3.2911e-05
1454,material,0.00079785,0.99991,2.3687e-05
1455,material,0.00079887,0.99991,1.1026e-05
1456,material,0.0007999,0.99989,6.0484e-06
1457,material,0.0008051,0.99987,6.1901e-06
1458,material,0.00081569,0.99985,6.4818e-06
1459,material,0.00082657,0.99983,6.8049e-06
1460,material,0.00085507,0.99981,7.8422e-06
1461,material,0.00088561,0.99979,8.94e-06
1462,material,0.00095373,0.99974,1.1636e-05
1463,material,0.0010332,0.99968,1.5628e-05
1464,material,0.0011271,0.99961,2.1586e-05
1465,material,0.0012399,0.99953,3.1115e-05
1466,material,0.0013776,0.9994,4.6771e-05
1467,material,0.0015498,0.99924,7.2992e-05
1468,material,0.0017712,0.99898,0.00011811
1469,material,0.0020664,0.9986,0.00022001
1470,material,0.0024797,0.99797,0.00043503
1471,material,0.0030996,0.99694,0.00096887
1472,material,0.0041328,0.9948,0.0023492
1473,material,0.0049594,0.99313,0.0041863
1474,material,0.0061993,0.99111,0.0075099
1475,material,0.0065255,0.99054,0.0084716
1476,material,0.0068881,0.99007,0.0096517
1477,material,0.0072932,0.98909,0.010987
1478,material,0.0077491,0.98912,0.013728
1479,material,0.0082657,0.98966,0.014773
1480,material,0.0085507,0.98934,0.015437
1481,material,0.0088561,0.98883,0.016304
1482,material,0.0091841,0.98793,0.017765
1483,material,0.0095373,0.98761,0.020606
1484,material,0.0099188,0.98941,0.023421
1485,material,0.010332,0.99139,0.024063
1486,material,0.010781,0.99233,0.024928
1487,material,0.011271,0.99415,0.025452
1488,material,0.011808,0.99285,0.024415
1489,material,0.012399,0.99123,0.02992
1490,material,0.012652,0.99265,0.033061
1491,material,0.012915,0.99652,0.035883
1492,material,0.01319,1.0012,0.035311
1493,material,0.013477,1.0041,0.033392
1494,material,0.013776,1.0058,0.030918
1495,material,0.014089,1.006,0.028956
1496,material,0.014417,1.0065,0.028232
1497,material,0.01476,1.0074,0.026826
1498,material,0.01512,1.0077,0.02546
1499,material,0.015498,1.0075,0.024476
1500,material,0.015694,1.0075,0.024501
1501,material,0.015896,1.0078,0.024757
1502,material,0.016102,1.0095,0.02518
1503,material,0.016314,1.0106,0.023853
1504,material,0.016422,1.011,0.023955
1505,material,0.016531,1.0118,0.02402
1506,material,0.016642,1.0132,0.024343
1507,material,0.016755,1.0151,0.024184
1508,material,0.016777,1.0156,0.024228
1509,material,0.0168,1.0161,0.024282
1510,material,0.016823,1.0167,0.024375
1511,material,0.016846,1.0173,0.024499
1512,material,0.016869,1.0181,0.024831
1513,material,0.016892,1.0194,0.025432
1514,material,0.016915,1.0219,0.026018
1515,material,0.016938,1.0259,0.024227
1516,material,0.016961,1.0262,0.019564
1517,material,0.016984,1.0246,0.019145
1518,material,0.017008,1.0255,0.020012
1519,material,0.017031,1.0305,0.020072
1520,material,0.017054,1.0349,0.012476
1521,material,0.017078,1.0305,0.0041164
1522,material,0.017101,1.0249,0.0036218
1523,material,0.017125,1.0226,0.0034141
1524,material,0.017149,1.0206,0.00344
1525,material,0.017172,1.0192,0.0034767
1526,material,0.017196,1.0179,0.0034877
1527,material,0.017208,1.0174,0.0035108
1528,material,0.01722,1.0169,0.0035249
1529,material,0.017463,1.0108,0.0034957
1530,material,0.017712,1.007,0.0035425
1531,material,0.018233,1.0019,0.003673
1532,material,0.018786,0.99791,0.0038926
1533,material,0.019373,0.99457,0.0041092
1534,material,0.019998,0.99143,0.0042397
1535,material,0.020664,0.98827,0.0043696
1536,material,0.022543,0.97998,0.0050004
1537,material,0.024797,0.97048,0.0057469
1538,material,0.027552,0.95834,0.0066191
1539,material,0.030996,0.94189,0.0078466
1540,material,0.035424,0.91802,0.0093121
1541,material,0.041328,0.88013,0.011651
1542,material,0.049594,0.81512,0.015894
1543,material,0.061993,0.67912,0.02234
1544,material,0.065255,0.63242,0.02477
1545,material,0.068881,0.57251,0.027681
1546,material,0.072932,0.49131,0.032409
1547,material,0.077491,0.37197,0.044202
1548,material,0.078472,0.34031,0.04832
1549,material,0.079478,0.30373,0.053349
1550,material,0.07999,0.28271,0.056697
1551,material,0.08051,0.25936,0.061407
1552,material,0.081036,0.23344,0.068348
1553,material,0.081569,0.20569,0.079959
1554,material,0.082109,0.17943,0.094223
1555,material,0.082657,0.15065,0.11041
1556,material,0.083774,0.094517,0.16589
1557,material,0.084921,0.067041,0.2342
1558,material,0.086101,0.054863,0.29293
1559,material,0.088561,0.044168,0.39115
1560,material,0.095373,0.036437,0.59086
1561,material,0.10332,0.035753,0.77163
1562,material,0.11271,0.038468,0.95677
1563,material,0.12399,0.046304,1.1555
1564,material,0.13776,0.057167,1.3775
1565,material,0.15498,0.072505,1.6366
1566,material,0.17712,0.094236,1.9519
1567,material,0.20664,0.12677,2.3563
1232,material,0.24797,1.6444,2.9702
1233,material,0.25494,1.7278,3.0024
1234,material,0.26212,1.8112,3.0308
1235,material,0.26949,1.8942,3.0554
1236,material,0.27707,1.9763,3.0766
1237,material,0.28487,2.0573,3.0944
1238,material,0.29288,2.1368,3.1091
1239,material,0.30112,2.2147,3.121
1240,material,0.3096,2.2907,3.1302
1241,material,0.31831,2.3646,3.1372
1242,material,0.32726,2.4362,3.142
1243,material,0.33647,2.5055,3.145
1244,material,0.34594,2.5723,3.1464
1245,material,0.35567,2.6366,3.1466
1246,material,0.36568,2.6983,3.1456
1247,material,0.37596,2.7574,3.1439
1248,material,0.38654,2.8139,3.1415
1249,material,0.39742,2.8678,3.1388
1250,material,0.4086,2.919,3.1358
1251,material,0.42009,2.9677,3.1328
1252,material,0.43191,3.0138,3.13
1253,material,0.44406,3.0574,3.1275
1254,material,0.45656,3.0984,3.1255
1255,material,0.4694,3.137,3.1241
1256,material,0.48261,3.1731,3.1235
1257,material,0.49619,3.2068,3.1238
1258,material,0.51015,3.2381,3.125
1259,material,0.5245,3.267,3.1275
1260,material,0.53926,3.2937,3.1312
1261,material,0.55443,3.318,3.1362
1262,material,0.57003,3.34,3.1427
1263,material,0.58606,3.3597,3.1508
1264,material,0.60255,3.3772,3.1606
1265,material,0.6195,3.3924,3.1723
1266,material,0.63693,3.4054,3.1858
1267,material,0.65485,3.4161,3.2013
1268,material,0.67328,3.4246,3.2191
1269,material,0.69222,3.4308,3.239
1270,material,0.7117,3.4348,3.2614
1271,material,0.73172,3.4366,3.2863
1272,material,0.75231,3.436,3.3139
1273,material,0.77347,3.4332,3.3443
1274,material,0.79523,3.4282,3.3777
1275,material,0.81761,3.4209,3.4142
1276,material,0.84061,3.4113,3.454
1277,material,0.86426,3.3994,3.4973
1278,material,0.88857,3.3853,3.5442
1279,material,0.91357,3.369,3.5951
1280,material,0.93928,3.3505,3.6499
1281,material,0.9657,3.3298,3.7091
1282,material,0.99287,3.307,3.7728
1283,material,1.0208,3.2822,3.8412
1284,material,1.0495,3.2554,3.9145
1285,material,1.0791,3.2268,3.9931
1286,material,1.1094,3.1964,4.077
1287,material,1.1406,3.1644,4.1666
1288,material,1.1727,3.1309,4.262
1289,material,1.2057,3.0961,4.3635
1290,material,1.2396,3.0602,4.4712
1291,material,1.2745,3.0233,4.5854
1292,material,1.3104,2.9856,4.7062
1293,material,1.3472,2.9474,4.8338
1294,material,1.3851,2.9089,4.9683
1295,material,1.4241,2.8702,5.1099
1296,material,1.4642,2.8316,5.2586
1297,material,1.5054,2.7933,5.4145
1298,material,1.5477,2.7555,5.5777
1299,material,1.5913,2.7183,5.7482
1300,material,1.636,2.682,5.9262
1301,material,1.6821,2.6466,6.1116
1302,material,1.7294,2.6125,6.3045
1303,material,1.778,2.5796,6.5049
1304,material,1.8281,2.5481,6.7128
1305,material,1.8795,2.518,6.9283
1306,material,1.9324,2.4896,7.1515
1307,material,1.9867,2.4629,7.3823
1308,material,2.0426,2.4379,7.6208
1309,material,2.1001,2.4147,7.8671
1310,material,2.1592,2.3934,8.1213
1311,material,2.2199,2.374,8.3835
1312,material,2.2824,2.3565,8.6537
1313,material,2.3466,2.341,8.932
1314,material,2.4126,2.3276,9.2186
1315,material,2.4805,2.3163,9.5136
1316,material,2.5503,2.307,9.8172
1317,material,2.6221,2.3,10.129
1318,material,2.6958,2.2951,10.451
1319,material,2.7717,2.2924,10.781
1320,material,2.8497,2.2921,11.12
1321,material,2.9298,2.294,11.469
1322,material,3.0123,2.2984,11.827
1323,material,3.097,2.3052,12.195
1324,material,3.1841,2.3145,12.573
1325,material,3.2737,2.3264,12.962
1326,material,3.3658,2.3409,13.361
1327,material,3.4605,2.3582,13.77
1328,material,3.5579,2.3783,14.191
1329,material,3.658,2.4013,14.623
1330,material,3.7609,2.4273,15.067
1331,material,3.8667,2.4564,15.522
1332,material,3.9755,2.4888,15.99
1333,material,4.0873,2.5246,16.47
1334,material,4.2023,2.5638,16.963
1335,material,4.3206,2.6068,17.468
1336,material,4.4421,2.6535,17.988
1337,material,4.5671,2.7041,18.521
1338,material,4.6956,2.7589,19.068
1339,material,4.8277,2.8181,19.629
1340,material,4.9635,2.8817,20.205
1341,material,5.1032,2.9501,20.796
1342,material,5.2468,3.0234,21.403
1343,material,5.3944,3.1019,22.026
1344,material,5.5461,3.1858,22.665
1345,material,5.7022,3.2754,23.32
1346,material,5.8626,3.371,23.992
1347,material,6.0275,3.4728,24.682
1348,material,6.1971,3.5811,25.39
1349,material,6.3715,3.6963,26.116
1350,material,6.5507,3.8187,26.86
1351,material,6.735,3.9487,27.624
1352,material,6.9245,4.0866,28.406
1353,material,7.1193,4.2328,29.209
1354,material,7.3196,4.3877,30.032
1355,material,7.5256,4.5517,30.876
1356,material,7.7373,4.7254,31.74
1357,material,7.955,4.9091,32.627
1358,material,8.1788,5.1034,33.535
1359,material,8.4089,5.3087,34.465
1360,material,8.6455,5.5256,35.418
1361,material,8.8887,5.7546,36.395
1362,material,9.1388,5.9964,37.394
1363,material,9.3959,6.2515,38.418
1364,material,9.6603,6.5205,39.466
1365,material,9.9321,6.8041,40.539
1366,material,10.212,7.1029,41.636
1367,material,10.499,7.4177,42.759
1368,material,10.794,7.7492,43.908
1369,material,11.098,8.098,45.083
1370,material,11.41,8.4651,46.283
1371,material,11.731,8.851,47.511
1372,material,12.061,9.2568,48.765
1373,material,12.401,9.6831,50.046
1374,material,12.749,10.131,51.355
1375,material,13.108,10.601,52.69
1376,material,13.477,11.094,54.053
1377,material,13.856,11.611,55.444
1378,material,14.246,12.154,56.862
1379,material,14.647,12.722,58.308
1380,material,15.059,13.317,59.782
1381,material,15.482,13.94,61.283
1382,material,15.918,14.592,62.812
1383,material,16.366,15.274,64.368
1384,material,16.826,15.986,65.952
1385,material,17.3,16.73,67.562
1386,material,17.786,17.506,69.199
1387,material,18.287,18.316,70.863
1388,material,18.801,19.161,72.552
1389,material,19.33,20.041,74.267
1390,material,19.874,20.957,76.007
1391,material,20.433,21.91,77.772
1392,material,21.008,22.902,79.561
1393,material,21.599,23.932,81.373
1394,material,22.207,25.001,83.208
1395,material,22.832,26.111,85.066
1396,material,23.474,27.261,86.944
1397,material,24.134,28.454,88.844
1398,material,24.813,29.688,90.763
1399,material,25.512,30.965,92.701
1400,material,26.229,32.284,94.658
1401,material,26.967,33.648,96.631
1402,material,27.726,35.054,98.622
1403,material,28.506,36.505,100.63
1404,material,30.133,39.54,104.68
1405,material,30.98,41.123,106.73
1406,material,31.852,42.751,108.79
1407,material,32.748,44.423,110.86
1408,material,33.67,46.139,112.94
1409,material,34.617,47.899,115.03
1410,material,35.591,49.702,117.13
1411,material,36.592,51.548,119.24
1412,material,37.622,53.437,121.36
1413,material,38.68,55.369,123.48
1414,material,39.768,57.342,125.61
1415,material,40.887,59.356,127.75
1416,material,42.038,61.411,129.89
1417,material,43.22,63.506,132.04
1418,material,44.436,65.641,134.19
1419,material,45.686,67.814,136.35
1420,material,46.972,70.025,138.51
1421,material,48.293,72.273,140.68
1422,material,49.652,74.558,142.85
1423,material,51.049,76.879,145.03
1424,material,52.485,79.235,147.21
1425,material,53.962,81.626,149.39
1426,material,55.48,84.05,151.59
1427,material,57.041,86.508,153.78
1428,material,58.646,88.998,155.99
1429,material,60.296,91.521,158.2
1430,material,61.992,94.075,160.42
1568,material,66.666,202.63,295.42
1569,material,80.001,233.56,321.08
1570,material,99.996,274.38,354.35
1571,material,137.76,339.62,408.92
1572,material,153.85,364.04,429.62
1573,material,177.12,397.93,458.5
